,AHD.31,AHD.35,AHD.37,AHD.43,AHD.51,AHD.61,AHD.71,AHD.73,AHD.74,AHD.82,AHD.83,AHD.88,AHD.89,AHD.94,California.HC1,California.HC12,California.HC13,California.HC14,California.HC17,California.HC18,California.HC20,California.HC21,California.HC22,California.HC24,California.HC25,California.HC27,California.HC28,California.HC7,California.HC8,Finland.HC.10,Finland.HC.11,Finland.HC.12,Finland.HC.13,Finland.HC.14,Finland.HC.15,Finland.HC.19,Finland.HC.20,Finland.HC.21,Finland.HC.3,Finland.HC.4,Finland.HC.6,Leda.C1,Leda.C13,Leda.C17,Leda.C21,Leda.C25,Leda.C33,Leda.C37,Leda.C41,Leda.C49,Leda.C53,Leda.C73,Leda.C81,Leda.C82,Leda.C85,Leda.C87,Leda.C9,Mel.TX.HC10,Mel.TX.HC11,Mel.TX.HC13,Mel.TX.HC15,Mel.TX.HC16,Mel.TX.HC17,Mel.TX.HC2,Mel.TX.HC3,Mel.TX.HC4,Mel.TX.HC6,Mel.TX.HC7,Mel.TX.HC8,Mel.TX.HC9,Sweden.HC.1,Sweden.HC.11,Sweden.HC.12,Sweden.HC.13,Sweden.HC.16,Sweden.HC.17,Sweden.HC.19,Sweden.HC.2,Sweden.HC.21,Sweden.HC.23,Sweden.HC.3,Sweden.HC.4,Sweden.HC.6,Sweden.HC.7,Sweden.HC.9,France.DC1,France.DC10,France.DC11,France.DC12,France.DC13,France.DC14,France.DC15,France.DC16,France.DC17,France.DC2,France.DC4,France.DC5,France.DC6,France.DC7,France.DC8,France.DC9,Leda.A1,Leda.A13,Leda.A21,Leda.A25,Leda.A29,Leda.A33,Leda.A37,Leda.A5,Leda.A53,Leda.A61,Leda.A73,Nor.C1,Nor.C10,Nor.C12,Nor.C14,Nor.C16,Nor.C17,Nor.C2,Nor.C3,Nor.C4,Nor.C6,Nor.C7,Nor.C8,Nor.C9,RVC.17,RVC01,RVC03,RVC05,RVC06,RVC07,RVC08,RVC10,RVC12,RVC14,RVC15,RVC19,RVC20,Sweden.IBD.060A,Sweden.IBD.061A,Sweden.IBD.062A,Sweden.IBD.064A,Sweden.IBD.065A,Sweden.IBD.066A,Sweden.IBD.067A,Sweden.IBD.098A,Sweden.IBD.099A,Sweden.IBD.100A,Sweden.IBD.101A,Sweden.IBD.102A
,healthy,healthy,healthy,healthy,healthy,healthy,healthy,healthy,healthy,healthy,healthy,healthy,healthy,healthy,healthy,healthy,healthy,healthy,healthy,healthy,healthy,healthy,healthy,healthy,healthy,healthy,healthy,healthy,healthy,healthy,healthy,healthy,healthy,healthy,healthy,healthy,healthy,healthy,healthy,healthy,healthy,healthy,healthy,healthy,healthy,healthy,healthy,healthy,healthy,healthy,healthy,healthy,healthy,healthy,healthy,healthy,healthy,healthy,healthy,healthy,healthy,healthy,healthy,healthy,healthy,healthy,healthy,healthy,healthy,healthy,healthy,healthy,healthy,healthy,healthy,healthy,healthy,healthy,healthy,healthy,healthy,healthy,healthy,healthy,healthy,IBD,IBD,IBD,IBD,IBD,IBD,IBD,IBD,IBD,IBD,IBD,IBD,IBD,IBD,IBD,IBD,IBD,IBD,IBD,IBD,IBD,IBD,IBD,IBD,IBD,IBD,IBD,IBD,IBD,IBD,IBD,IBD,IBD,IBD,IBD,IBD,IBD,IBD,IBD,IBD,IBD,IBD,IBD,IBD,IBD,IBD,IBD,IBD,IBD,IBD,IBD,IBD,IBD,IBD,IBD,IBD,IBD,IBD,IBD,IBD,IBD,IBD,IBD,IBD,IBD
TACGTAGGGGGCTAGCGTTATCCGGATTTACTGGGCGTAAAGGGTGCGTAGGCGGTCTTTCAAGTCAGGAGTTAA,0.356343284,0.254362381,0.332523781,0.383839406,0.284207001,0.296929681,0.321881391,0.474378394,0.351853599,0.31424507,0.299715952,0.262732973,0.221851472,0.1993456,0.355942712,0,0.184892679,0.377910351,0.29075965,0.134417477,0.246690958,0.000553298,0.283160037,0.381885576,0.19976881,0.11682733,0.278217554,0.27130191,0.065466035,0.271765727,0.257983495,0.290920894,0.295433508,0.189722077,0.289952486,0.301432481,0.149738164,0.0263307,0.452496473,0.280214899,0.25017005,0,0.355643444,0.204281378,0.241884188,0.117002303,0.412250091,0.232650556,0.206549298,0,0,0,0,0.251677249,0.121769327,0.217577622,0,0.479553619,0.433467534,0.091065642,0.337060703,0.25016859,0.556121907,0.213471955,0.219954978,0.55086994,0.401483051,0.376532399,0.192709196,0.326291974,0.386786339,0.309219371,0.229912729,0.235890447,0,0.266569471,0.326992431,0.165045614,0.30404908,0.286233294,0.279533803,0.435813386,0.277251323,0.356473104,0.381991975,0,0.500638075,0,0,0,0,0,0.000445611,0.178937482,0,0,0,0.490876113,0.000313414,0.000350619,0.001057989,0.000459251,0.245217034,0,0.231723402,0.003422871,0,0,0,0,0.218403513,0.157936776,0.257785884,0,0.209360832,0.231177294,0.000409082,0.252166784,0,0.136099058,0.000490798,0.265213925,0,0,0,0,0,0.119817549,0.128663954,0.354484599,0.371091624,0.383832424,0.000514851,0.000613121,0.502480681,0,0.161187411,0.00060698,0.16328262,0.338544267,0.399965515,0.000495553,0.001270648,0.020950607,0.113613891,0,0.010621714,0.059158351,0.113871744,0.061065682
TACGTAGGTCCCGAGCGTTGTCCGGATTTATTGGGCGTAAAGCGAGCGCAGGCGGTTTAATAAGTCTGAAGTTAA,0,0,0.001146866,0,0,0.000279968,0.000522608,0,0.016790869,0,0,0.003907928,0,0,0,0.142087069,0,0,0,0.104176179,0,0,0,0.054117647,0.00028023,0.059073228,0,0.000749723,0.412448657,0,0,0.000973755,0,0.579024646,0.001158883,0.000203808,0,0,0.010701628,0,0.007804389,0,0,0,0,0,0,0.241987594,0.0030711,0,0,0,0.258512315,0.055498982,0.01225853,0.242658464,0.120267857,0.180960024,0,0.013387649,0,0.000520221,0,0,0,0,0,0,0,0.010169088,0,0,0.000507824,0.000664761,0,0,0.270162089,0,0,0.448131569,0,0,0.000232545,0,0.045456691,0.084252598,0.001048266,0.041386476,0,0,0.002876121,0.25352381,0.156656929,0.012066642,0,0.000303867,0.600109684,0,0.006407578,0.455629186,0.337870296,0.354905375,0.285280806,0,0.108686095,0,0.608268821,0.634596015,0,0.479662385,0,0.065681546,0,0,0.033478934,0.204089305,0.284490693,0.015772624,0.37245448,0.324932344,0.71196319,0,0.000299392,0.05513203,0.685692215,0,0.263609247,0.168358654,0.365565059,0.030006554,0.000503981,0.44800118,0.001267327,0.585746745,0.000751721,0.304951366,0,0,0.288181287,0.41371231,0,0,0.002044086,0.026619361,0.446955263,0,0.255317462,0,0.015744325,0.015673085
TACGTAGGGGGCAAGCGTTATCCGGATTTACTGGGTGTAAAGGGAGCGTAGACGGAAGAGCAAGTCTGATGTGAA,0.050418639,0.023670199,0.068811981,0.028508772,0.021149843,0.023517335,0.032947057,0.006243765,0.036474546,0.060165686,0.033547615,0.014042772,0.024469541,0.027543085,0.015810032,0.025839339,0.006783274,0.019929055,0.086035682,0.002528889,0.103435455,0.32967926,0.006106618,0.123126511,0.122985848,0.028699476,0.001776268,0.011637004,0.093965245,0.287315495,0.107481163,0.018733191,0.055075594,0.023632232,0.083980376,0.010394223,0.003030384,0.192914042,0.003096934,0.049409874,0.043926539,0.144044637,0.034208836,0.00371611,0.00960096,0.053280463,0.035187205,0.044972861,0.03574617,0.2074434,0.017556508,0.073114512,0.053213489,0.007996885,0.027705036,0.036517075,0.101875,0.00324849,0.022556003,0.00538839,0.007632233,0.070653745,0.029149411,0.022976273,0.01259894,0.011679587,0.020945686,0,0,0.006168135,0.009979911,0.009897308,0.023510382,0.024712491,0.076830081,0.034388596,0.018705663,0.007335361,0.043049956,0.085766187,0.003983329,0.027062052,0.096874213,0.028211877,0.016686335,0.041797673,0.001663552,0,0,0.002523109,0,0.009460317,0.007723919,0.005165585,0.006059229,0,0,0.031658789,0,0,0,0.00227712,0,0.003002588,0.001067705,0.180662407,0.030068439,0.127085614,0.255268437,0.010795839,0.004625016,0.080151147,0.017688152,0,0.162750194,0.009732462,0.006724279,0.019676739,0.12467058,0.029345509,0.000490798,0.192617109,0.054818718,0,0.065616685,0.021213535,0,0.011074826,0.01341028,0.104110102,0.142324362,0,0,0.001406571,0.053071534,0,0.263524674,0,0.010745999,0.080622239,0.09500546,0,0.015450343,0.01427099,0.020885084,0.004483016,0.006526277,0.123699064,0,0
TACGTAGGTGGCAAGCGTTGTCCGGATTTATTGGGCGTAAAGCGAGCGCAGGCGGTTTCTTAAGTCTGATGTGAA,0.008099745,0.000369023,0,0,0.000502428,0,0,0,0.000628871,0,0,0,0.030116359,0,0,0.03372981,0,0.000677201,0,0,0,0.001331374,0.003135831,0,0,0,0,0.00048895,0.010995261,0,0.001327592,0.000881016,0,0,0,0,0,0,0.063315096,0.00114218,0,0,0,0,0,0.000536787,0,0.077087103,0.02328322,0,0,0,0.002456952,0.003534204,0.01091123,0.001787733,0.042433036,0.005770848,0.001909776,0,0,0.000134872,0,0.002674198,0,0,0,0,0,0.002048107,0,0,0,0,0,0,0,0,0.008483786,0,0,0,0,0.002673137,0,0.021280753,0.001572399,0.315910993,0.352875931,0.050674401,0.729028282,0.000285714,0.006634649,0.015945935,0.010262819,0.240138122,0.032265436,0.246839617,0.624390584,0.226885453,0.491135766,0.000306167,0,0.194995686,0.006469037,0.285760855,0.005385392,0.01011605,0.059893805,0.001243157,0,0.000460815,0,0.484500827,0.000608205,0,0.000281244,0.003240415,0.017818639,0.003205177,0.104846626,0.000628126,0.188676986,0.111037454,0.002059909,0.0073822,0.001584638,0.001721568,0.001411608,0.000631963,0.135268622,0,0.175287129,0.017996898,0,0.045823354,0.00780596,0.308952959,0.007710725,0,0,0,0,0.00023785,0,0.322662222,0.327846329,0.143085094,0.414269275,0.004484305
TACGTAGGGGGCAAGCGTTATCCGGATTTACTGGGTGTAAAGGGAGCGTAGACGGAGCAGCAAGTCTGATGTGAA,0.015061886,0.047973009,0.015246576,0.047638327,0.043089217,0.012785218,0.062031357,0.048657036,0.117724743,0,0.008880251,0.030833977,0.018081223,0.046682056,0.010602021,0.034042304,0.127525558,0.010254757,0.011978232,0.07168698,0,0,0.01309347,0.007445608,0.001751436,0.043176053,0,0.069985006,0.001832543,0.00670929,0.026031575,0.080172494,0.008600741,0.036077609,0.022443698,0.046380947,0.007416465,0.0083325,0.111386394,0.058208892,0.040060144,0.084861079,0.010478991,0.074269863,0.057505751,0.042960295,0.06692112,0.017123288,0.028604078,0,0.063795791,0.108980269,0.025101861,0.032287049,0.067042393,0.007256093,0.192053571,0.082014828,0.029782182,0.006295713,0.031345403,0.044893162,0,0.063621355,0.004139133,0.008303187,0.031827812,0.270975959,0.012883181,0.011740891,0.024690558,0.00909637,0.01010006,0.009904939,0.145814315,0.003563825,0.015376689,0.043942524,0.094022787,0,0.046877881,0.050388779,0.018622948,0.007834348,0.010266698,0.056825651,0.0741762,0,0.000950721,0.242713639,0,0.025206349,0.005099767,0.040160889,0.096266,0,0,0.06683522,0,0,0,0.002104901,0.074007406,0.083899914,0.008824268,0.066599296,0.001626837,0.042872783,0,0.026564306,0.082985549,0,0.034722461,0,0.001769324,0.005221278,0.025721006,0.225501679,0,0.044252604,0,0,0,0,0.078748605,0.023271769,0,0.015795826,0.001037947,0.010368879,0.008991029,0.022102572,0.000712871,0.001262307,0.176173437,0,0,0,0.086929472,0,0.050692569,0.001903967,0.007826455,0.110619995,0.030845291,0.006494626,0.000951198,0,0.019667329,0.013650752
TACGTAGGGGGCAAGCGTTATCCGGATTTACTGGGTGTAAAGGGAGCGTAGACGGCATGGCAAGCCAGATGTGAA,0.002866764,0.037165902,0.012008365,0.005060729,0.002440367,0.009728897,0.034014997,0.025159789,0.010659372,0.06253661,0.019733891,0.018852529,0.013147388,0.058896035,0.011594023,0.106189332,0.050293134,0.007836182,0.084156194,0.022619508,0.233454789,0.061277773,0,0.018887994,0.005009107,0.061204127,0.102173997,0.012125953,0.025655608,0.06713237,0.065339074,0.023741074,0.076442456,0.008599895,0.021323444,0.006347173,0.011988623,0.02559744,0.0036475,0.00740302,0.08602728,0.084206331,0.0074029,0.003977808,0.044824482,0.024830739,0.147619048,0.05514991,0.075563333,0.247650577,0.001461419,0.072837913,0.047869618,0.006649095,0.052848305,0.060861792,0.042611607,0.002751662,0.008052028,0.009221368,0.020127796,0.016049787,0.017521504,0.029075082,0.02018735,0,0.0168047,0.043623627,0.018144159,0.017980472,0.033763204,0.018936468,0.050086518,0.044439274,0.084083788,0.0543599,0.002298577,0.021657884,0.014548642,0.049046322,0.003835798,0.058812319,0.05050094,0.016121073,0.010502714,0.049347189,0,0,0.000528178,0.000896057,0,0.01652381,0.004406595,0.003797623,0.033893812,0.002734807,0.036241488,0.016543916,0.047778242,0,0,0.011098567,0.006634437,0.082657463,0.026441402,0.020048246,0.007348816,0.038975257,0.149215339,0.051209352,0.006213405,0.016036374,0.023469493,0.002095974,0.135380958,0.002756835,0.007414604,0.004372609,0.03617633,0.017991322,0,0.082211968,0.04047783,0,0.037421681,0.271247839,0.000512677,0.004685503,0.011458939,0.038807228,0.002943252,0.003196145,0.013821782,0,0.03394774,0.304267071,0.030590312,0,0.036913448,0.046437488,0.042186333,0.010432696,0.018286283,0.004420043,0.046400579,0.001896661,0.014426507,0.002762628,0,0.00070342
TACGTAGGGGGCAAGCGTTATCCGGATTTACTGGGTGTAAAGGGAGCGTAGACGGTGTTGCAAGTCTGATGTGAA,0.011012013,0.07749486,0.053228091,0.012516869,0.012345384,0.011058747,0.022449443,0.223334688,0.011885671,0.033834482,0.012976529,0.003091987,0.008812457,0.023778042,0.065720131,0.045917072,0.044478899,0.035246695,0.030660907,0.291559833,0.077260559,0,0.029047698,0.04560838,0.104350567,0.052308473,0.051048384,0.013788383,0.012638231,0.015510301,0.02253319,0.080821664,0.039416847,0.020800559,0.04048364,0.025738077,0.061458306,0.051794821,0.054058704,0.066923305,0.067661905,0.090070599,0.038062401,0.01486444,0.062166217,0.054890824,0.063177027,0.026621866,0.027889869,0.094243913,0.066465316,0.138975967,0.085952376,0.032227147,0.117347907,0.02339827,0.027790179,0.010280517,0.014865283,0.025386538,0.050621228,0.070673012,0.005575024,0.04578882,0.025633578,0.100017227,0.195926425,0,0.003314002,0.08101929,0.04157216,0.047455591,0.014482395,0.013760553,0.018380992,0.021220957,0.026829945,0.02880754,0.161822962,0.014986376,0.02880537,0.077793871,0.033486425,0.042215002,0.036794902,0.017941203,0.037851511,0,0,0,0,0.07147619,0,0.009310303,0,0,0,0.006815434,0,0,0,0.000650606,0.059247069,0,0.007850773,0.010562003,0.002608549,0.027545435,0,0.043161545,0.011212159,0,0.020269108,0,0.071519407,0.004636495,0.089818981,0.0333021,0.003084571,0.020380086,0,0.019616843,0,0,0.003948159,0,0.000885533,0.020712055,0.004359379,0.030404457,0.011873803,0.003146973,0.001108911,0.000504923,0.017439937,0,0,0,0.004845126,0.014903015,0.057589517,0.000808534,0.012430252,0.004796638,0.122512963,0.009368355,0.024625466,0.119221701,0.011036719,0
TACGGAGGGTGCAAGCGTTAATCGGAATTACTGGGCGTAAAGCGCACGCAGGCGGTTTGTTAAGTCAGATGTGAA,0.001456134,0,0.001888956,0.003508772,0,0,0.000499886,0.011046662,0.001100525,0.000502078,0.003109583,0,0.002823409,0,0,0.172223199,0,0,0.003899237,0,0.00152439,0.161424743,0.014523849,0,0.000980804,0,0,0.00048895,0.110394945,0,0.014370291,0.00259668,0,0.000279671,0,0,0.00138228,0,0,0.027370024,0.004474994,0.000683216,0.000405638,0,0.003680368,0.001662309,0,0.005201602,0.124486662,0.194468176,0,0,0.019573719,0.001647298,0.007286804,0.026763415,0.003013393,0.001528701,0,0,0,0,0,0.000259233,0.00159756,0,0,0.094677068,0.003811102,0.01590855,0,0.000715123,0.026914686,0.026723393,0,0.054915301,0.001070027,0.03665359,0.003260298,0,0.004647217,0,0,0,0,0.054711786,0,0.030073018,0.404267681,0,0.075463946,0.008888889,0.011585879,0.007043979,0.160758918,0.022872928,0.075682099,0,0.013511631,0,0,0.003999311,0,0.332182916,0.000659465,0.049452341,0.005778077,0.003766148,0.089911504,0.011711849,0.172698393,0.19501705,0,0.300312557,0.013546389,0.000668324,0.009204336,0.006754119,0.029078821,0.002812089,0.010429448,0,0.015718092,0.021765551,0.027122135,0.339032355,0.027498136,0.00802215,0.161629162,0.037121992,0.137365185,0.002802773,0.158811881,0.084538536,0,0.014003617,0.300223997,0.216034396,0.021906755,0,0,0,0.052022908,0.004241655,0,0,0,0,0,0.002879627
TACGTAGGTGGCGAGCGTTATCCGGAATCATTGGGCGTAAAGAGGGAGCAGGCGGCCGCAAGGGTCTGTGGTGAA,0.003503822,0.073224735,0.169533833,0,0.002727468,0.091899585,0,0.006908782,0.097915291,0,0.044849753,0.055097483,0,0.053741512,0,0,0.102136731,0.148242502,0.03110974,0,0,0,0.003080816,0,0,0.056265855,0,0.097659561,0,0,0,0.010850413,0,0.01559168,0.065013327,0.005473709,0,0,0,0.027285418,0,0,0.117905554,0.021668586,0.01660166,0.011566899,0,0,0,0,0.006137958,0,0,0.057056427,0,0,0,0.009210426,0,0.105767984,0,0.024180652,0.045449719,0,0.039140222,0.019259259,0,0,0.048508699,0.001690879,0,0,0.159851791,0.140746527,0.049221583,0.052161437,0.068085444,0.093270503,0.056546889,0,0.006933943,0,0.185299304,0.222590064,0.20573519,0,0,0.019711969,0,0,0.001301103,0.154492063,0,0.000653355,0,0.001298343,0,0,0,0,0,0,0.098899403,0,0.058975003,0.002542704,0,0,0,0.145711108,0.005917528,0,0.026360164,0,0,0.005409244,0,0,0,0,0,0,0,0,0,0,0,0.002413744,0,0,0,0,0,0,0,0,0,0,0,0,0.01724237,0.486763517,0,0.001664949,0.000578801,0.011121329,0,0,0.010199812,0
TACGTAGGGGGCAAGCGTTATCCGGATTTACTGGGTGTAAAGGGAGCGTAGACGGACGGGCAAGTCTGAAGTGAA,0.088187113,0.006273393,0.031370168,0.039304993,0.021508721,0.019411133,0.057259714,0.022906122,0.01918058,0.064907534,0.024129167,0.066348879,0.011749943,0.020842204,0.027218054,0.077615672,0.034982315,0.041405998,0.019916966,0.101401426,0.021936347,0,0.014908951,0.056954069,0.085680258,0.070505665,0.136000309,0.013918769,0.003538705,0.04116347,0.023448152,0.012056014,0.012226165,0.020835518,0.0276973,0.027950853,0.013663308,0.01516515,0.006744434,0.027666145,0.010739985,0.035185607,0.03414123,0.020307757,0.026662666,0.01556683,0.02958924,0.026008012,0.036960326,0,0.045732658,0.128557379,0.062406585,0.007877082,0.043379255,0.020427479,0.120535714,0.043415119,0.035717973,0.005721692,0.015654952,0.028515828,0.007698843,0.01403954,0.005373611,0.014745909,0.032935285,0.079764369,0.005509528,0.068111455,0.008327393,0.003146543,0.006865032,0.006797181,0.033628581,0.009464963,0.018348987,0.01114232,0.022401402,0.006098352,0.029874968,0.045433755,0.043001376,0.042091627,0.019070097,0.008189004,0.040608906,0,0.000845085,0.008536125,0,0.01152381,0,0.004450978,0.008142089,0.000801105,0,0.006430691,0,0,0,0.003004267,0.032195022,0.237894737,0.003014697,0.058221411,0.001795131,0.020626232,0,0.021875204,0.010277812,0,0.01190681,0,0.002488112,0.002798605,0.056274289,0.012961662,0,0.022012911,0,0.025946416,0,0,0.004076903,0,0,0.012512424,0.011666528,0.012662672,0.01195444,0,0.000831683,0.001550835,0.025468322,0,0.01038532,0,0.048564372,0.00687536,0.044255417,0.000808534,0.024510616,0.077221914,0.086699626,0.062331168,0.008666473,0.033794565,0.006747568,0.010221577
TACGTAGGGGGCGAGCGTTATCCGGATTCATTGGGCGTAAAGCGCGCGTAGGCGGCCCGGCAGGCAGGGGGTCAA,0.013969785,0.010490801,0.024623895,0.015317139,0.016723688,0.007512482,0.022972052,0.013041711,0.019023363,0.03511757,0.01264763,0.011852615,0.008726899,0.027744784,0.031062062,0,0.023111585,0.035246695,0.03736535,0.033437533,0.043947055,0,0.089893822,0.060531829,0.017969735,0.020564857,0.047225547,0.119238542,0.016935229,0.06669824,0.038069609,0.058796253,0.017317186,0.013214473,0.015606289,0.024253188,0.005343045,0.01716495,0.012009222,0.021786032,0.075824294,0.075239125,0.016293141,0.023343452,0.03440344,0.027531991,0.048564158,0,0.020533514,0,0.035327358,0,0.026944575,0.012878879,0.040400015,0.005704971,0.001651786,0.00852251,0.022194694,0.003295991,0.020021299,0.012273367,0.020441754,0.031790212,0,0.005064599,0.075645223,0.018521467,0.014581607,0.036341986,0.041669367,0.031007752,0.023736082,0.019194974,0.0502825,0.02610386,0.010105814,0.019313355,0.023558282,0.012553523,0.014015417,0.036972099,0.038951224,0.025312551,0.028746755,0.009201528,0.056948179,0.143784813,0.014841811,0,0,0,0.001534881,0.006982727,0.000530183,0.10480663,0,0.040397933,0.022635465,0,0.000343132,0.012859029,0.100545155,0,0.055520663,0.057602034,0.024122069,0,0,0.015790277,0.029229476,0.083438297,0.030833821,0,0.053356187,0,0.01961035,0.102639182,0.049053666,0.006168453,0,0.063199092,0,0,0,0.006010044,0,0.003460883,0.013700905,0.016594888,0,0,0,0,0.042577502,0.006256415,0,0,0.005844315,0.01159977,0.106500374,0.00884171,0.035578145,0.025588678,0.042300736,0.033047876,0.013501731,0.046274024,0.024113401,0.001846479
TACGTAGGTGGCGAGCGTTATCCGGAATGATTGGGCGTAAAGGGTGCGTAGGTGGCAGATCAAGTCTGGAGTAAA,0.147979614,0.050925194,0.02300479,0.00522942,0.100150729,0.046521394,0.033583277,0.002290612,0.051441688,0,0.003378681,0.034054797,0,0.041594765,0.003844008,0,0.046562333,0.054014834,0.113162029,0,0,0,0.003355889,0.024689766,0.010088272,0.047048875,0.003513921,0.098604863,0,0,0.032041622,0,0.001581302,0.007376333,0.006373856,0.01324754,0,0.00016665,0.012559788,0.054570836,0,0,0.018456546,0.105882969,0.004320432,0.148239857,0,0,0.237046031,0,0.034859704,0,0,0.094614832,0,0,0,0.018076894,0.069061629,0.036996574,0.044692936,0.161307104,0.070988638,0,0.017682086,0.004823428,0,0,0,0.000476304,0.005864818,0,0.092574481,0.088147311,0,0.005877997,0.011651409,0.01715453,0.004101665,0.009828727,0.036440084,0,0,0.019226024,0.008850602,0.270521361,0,0,0,0,0.000342395,0.035873016,0.024261029,0.017824329,0,0.045911602,0,0,0,0.049086638,0,0,0,0,0.143417912,0.000945364,0,0,0,0.032082179,0.014731531,0,0.102274683,0,0,0.019068106,0,0,0,0,0,0,0,0,0,0,0.002004101,0.003993327,0,0,0,0,0,0,0,0,0,0,0,0.012367966,0,0.072168175,0,0,0.005402146,0,0.000634132,0.000261973,0.009676744,0.001604678
TACGTATGTCGCAAGCGTTATCCGGATTTATTGGGCGTAAAGCGCGTCTAGGCGGTTTGGTAAGTCTGATGTGAA,0,0.013864727,0,0.003340081,0.004378305,0.084760394,0.063235628,0.001477814,0.004905198,0.05994254,0.117356855,0.090741218,0.148186174,0.06129401,0,0,0.019429236,0.005353112,0.009481598,0.009658951,0.069378346,0,0,0.002224013,0,0.042803991,0.092906514,0.007366843,0,0.01408951,0.114980266,0.04539553,0.078139463,0.001992659,0.062038861,0.083765213,0.129535607,0.285204813,0.01999243,0.025001058,0.003544195,0,0,0.000889773,0.070587059,0.018406608,0.006797528,0,0.010677427,0,0,0.026307702,0.004586311,0.000898526,0.082431971,0.105187055,0,0.000229305,0.000722618,0.046773447,0.00085197,0.001907478,0.011309334,0.065599716,0.074685934,0.000378984,0.002166795,0,0.002444076,0.011074065,0.032272698,0.082010355,0.003385495,0.003672805,0.033677926,0.028857725,0.013038481,0.033891223,0.004241893,0,0.007524066,0.002515627,0.002441719,0.045875144,0.032782629,0.001065814,0.053415979,0,0.066075107,0,0,0.000238095,0,0.144044265,0,0,0,0,0,0,0,0,0,0,0,0.000358587,0,0,0,0,0.108212906,0,0.00739874,0,0.00140993,0,0,0,0,0,0,0,0,0,0,0.005159307,0,0.000727673,0,0.000631963,0.004273763,0,0,0.001803296,0,0,0,0,0,0,0,0,0.006224334,0.001605486,0.000241167,0,0,0.000428684,0,0.000549547
TACGTAGGGGGCAAGCGTTATCCGGATTTACTGGGTGTAAAGGGAGCGTAGACGGCAGTGCAAGTCTGAAGTGAA,0.009009829,0.013495704,0.013020306,0.005060729,0.001507285,0.013998414,0.015928198,0.014999815,0,0.031993529,0.030737031,0.008889461,0.026808122,0.004639071,0.016244032,0.033026699,0.014535588,0,0.02174035,0.020687717,0.041902142,0.009578975,0,0.007832393,0.014642006,0.024133266,0.039657103,0.005313254,0.069447077,0.053516457,0.069842124,0.016321988,0.057389695,0.001573152,0.028701665,0.011355034,0.000637975,0.065693431,0.003131344,0.028639113,0.024773565,0.044579822,0.026366494,0.003245054,0.007640764,0.004727191,0.06172301,0.020644869,0.020604935,0.111010252,0.001792673,0.0277829,0.04752155,0.004672337,0.013928422,0.030996135,0.040513393,0.00263701,0.064725921,0.001722063,0,0.011907285,0.053467134,0.00807717,0.010129983,0.007131783,0.021475347,0.019052168,0.003065452,0.007311265,0.008100577,0.023541863,0.029679506,0.028235724,0.046877699,0.014787559,0.008362066,0.002460596,0.026783523,0.030718827,0.015564489,0.047148956,0.028506095,0.013509623,0.019966958,0.000479616,0.031242879,0,0,0.02221279,0,0.099444444,0,0.004491813,0,0.132762431,0,0.01159723,0,0,0,0.001224669,0.021497634,0,0.013189298,0,0.016941546,0.01029122,0,0.032169418,0.011679332,0.11658628,0.001273272,0,0.069058941,0.002088511,0.007158928,0,0.104905367,0.004565865,0,0.038919624,0,0,0.017852545,0.084497379,0,0.000585688,0.004359379,0.03103642,0.011208548,0.055391651,0,0,0.021018132,0,0.036993461,0,0.021623965,0.032840407,0.083338123,0.003860098,0.019317533,0.046777135,0.014132401,0.001810449,0.035194335,0.012765248,0.013442829,0
TACGTAGGTGGCGAGCGTTATCCGGATTTACTGGGCGTAAAGGGAGCGTAGGCGGATGATTAAGTGGGATGTGAA,0.004004368,0,0.003305674,0,0.000957006,0,0,0,0.026884256,0,0.000597997,0,0.146617614,0,0,0,0,0,0.003225987,0,0,0.000674332,0,0,0,0,0,0,0.002464455,0,0,0.012195122,0.000809935,0,0,0,0,0,0,0,0.001324598,0.000455477,0.001791569,0,0,0,0,0,0.001964075,0,0,0.001874731,0.017874327,0.014136816,0.0013473,0.065409996,0,0,0,0,0,0,0,0,0,0,0.003611325,0,0.214664457,0,0,0,0,0,0,0.000833102,0,0,0.017248028,0,0,0,0.003061837,0,0,0.014637179,0,0.026898323,0.027201183,0.004763252,0.00075327,0.08615873,0,0.115072073,0.423767326,0,0.00548421,0.001319116,0,0,0,0.000784554,0,0,0.167818113,0.003422871,0.017250084,0,0,0.001308587,0.012146506,0,0,0.08280934,0.020236647,0.002318247,0.200296584,0,0.009972448,0.000226781,0.005214724,0.000459015,0.274842071,0.000994365,0.032314823,0.09012322,0.004148024,0.040430214,0.178319356,0.119113379,0,0.0003442,0,0.001298373,0.002826473,0.243242583,0.002941376,0,0.000999189,0,0,0.013562505,0.002099332,0.008384207,0,0,0.040875102,0,0.009781358,0.0901697
TACGTAGGCGGCAAGCGTTGTCCGGAATTATTGGGCGTAAAGGGAGCGCAGGCGGGAAACTAAGCGGATCTTAAA,0.000318529,0.151035901,0.000877015,0,0.003828026,0.003359619,0.001272438,0,0.001477848,0.00934423,0.009448348,0.000429443,0.002994524,0.003092714,0.001736003,0,0.05833616,0.004385682,0.002945467,0.001334691,0.001673111,0,0.001210321,0.001224819,0,0.012379503,0,0.005052481,0,0,0.000574094,0.016275619,0.000308547,0.00031463,0.07969251,0.002649508,0.06932667,0.136319701,0,0,0.015429778,0,0,0.002145923,0.003920392,0.034406331,0.006652126,0,0.013569975,0,0.02314887,0,0,0.000748772,0.000872898,0.00141967,0,0,0.000412925,0.118526062,0.001455449,0.00499027,0.008813847,0.225710504,0.296020623,0.113109388,0.003226117,0,0.05981773,0.018599667,0.075367766,0.101919391,0.058663106,0.048992887,0.016900644,0.074724614,0.015614473,0.089904594,0.000385627,0,0.016449674,0,0.042381257,0.070714756,0.017181968,0,0,0,0,0,0,0,0,0,0.002272211,0,0,0,0,0,0,0,0.000308578,0,0.000722271,0,0,0,0,0,0.004002118,0.042886547,0.001892701,0,0,0,0,0,0,0.007332598,0,0,0,0,0,0,0.000326249,0,0,0,0.000120956,0,0,0,0,0,0,0,0,0,0,0.001017188,0.002136162,0.000693729,0,0,0.000105689,0,0,0
TACGTAGGTGGCGAGCGTTATCCGGAATTATTGGGCGTAAAGAGCGCGCAGGTGGTTGATTAAGTCTGATGTGAA,0.015516928,0,0.020845983,0.000607287,0.014953226,0.002006439,0,0.00103447,0.00430777,0.000278932,0.000956795,0,0.050336527,0,0.088970178,0.017109041,0,0,0,0,0,0.015630673,0.017604665,0.000419017,0.031525851,0.000591916,0.003900066,0,0.013017378,0.000749862,0.084858271,0,0.003663993,0.000279671,0.006605632,0,0,0.00126654,0.004060425,0.045814121,0.214907099,0.011216124,0.043910354,0.000994452,0.000460046,0.017783242,0,0.001453864,0.010141771,0,0.000565082,0.001751798,0.002866444,0.014076914,0,0.005573521,0,0.000955438,0.000309693,0.000203685,0,0.000346814,0,0.004788998,0.091787089,0,0,0.000530701,0.234589892,0.050488211,0.012410084,0.003747247,0.0056613,0.005617231,0,0.007590484,0.005270875,0.000371411,0.029412796,0,0.028916018,0,0.0235839,0,0,0,0,0,0,0.00049519,0,9.52E-05,0,0.004757238,0,0,0,0,0,0,0,0.104116037,0,0,0,0,0,0,0.000212389,0,0,0.001443888,0.001927114,0,0.001022891,0,0,0,0,0,0,0.119851183,0,0,0,0,0,0.014287236,0,0.001287333,0,0,0.000435644,0,0,0,0,0,0.001338537,0,0,0,0.0043644,0.288412749,0.005691547,0.002672567,0.059529157,0.002595918,0.001830735,0.033258595
TACGTAGGGGGCTAGCGTTATCCGGAATTACTGGGCGTAAAGGGTGCGTAGGTGGTTTCTTAAGTCAGAGGTGAA,0.003958864,0,0.010726574,0,0.01251286,0,0,0.00469206,0.001100525,0,0.000478397,0,0.015942277,0,0.012400025,0.019433214,0,0,0,0.000737593,0.001003867,0.104590646,0.035759476,0.002320709,0.118221942,0,0,0,0.00385466,0,0,0.000324585,0.012496143,0,0.008575733,0.007686485,0,0.01829817,0.005987406,0.013536952,0.015716178,0.068577773,0.050163946,0,0.003420342,0.020034285,0,0.011986301,0.002249759,0,0.008417771,0.003810929,0.006019533,0.089942494,0.019317621,0.019086679,0.000379464,0,0,0.000425886,0,0.001233117,0,0,0.022220609,0,0,0,0.010604805,0.003977137,0.001198885,0.033381962,0.002275805,0.003323805,0,0.050240674,0.00309119,0,0,0,0,0,0.012053563,0,0,0,0,0,0,0.000754575,0,0.001253968,0,0.014904651,0,0,0,0.005606244,0,0,0,0.078397979,0,0,0,0,0.001710984,0,0,0.034219537,0,0.002488403,0,0.014818901,0.054019684,0,0.003400491,0,0,0,0,0.007247602,0.001407143,0,0,0,0,0.018529036,0.003487503,0,0,0,0,0,0,0,0.00022626,0.354425898,0.006259073,0,0,0,0.115444819,0.132185047,0.005763897,0,0.002272307,0.007859201,0,0.106656115
TACGTAGGTGGCAAGCGTTATCCGGATTTATTGGGCGTAAAGGGAACGCAGGCGGTCTTTTAAGTCTGATGTGAA,0,0,0,0,0,0,0,0,0.025532182,0,0,0,0,0,0,0,0,0,0,0,0,0,0,0,0,0,0,0,0.073554502,0,0,0,0,0,0,0,0,0,0,0,0,0,0,0.005547995,0,0,0,0,0,0,0,0,0,0,0.012391362,0,0,0,0,0,0,0,0,0.001391675,0,0,0,0,0,0,0,0,0,0,0,0,0.000990766,0,0,0,0,0,0,0,0,0.002327027,0,0,0.00073945,0.386224297,0,0.000650794,0.6688122,0,0,0,0,0,0.000661652,0,0.011437722,0,0,0,0.079826655,0.00211892,0,0,0,0,0,0,0,0,0,0.065662789,0,0.001795893,0,0.033155436,0,0,0.00113769,0.524085736,0,0,0,0.228578021,0.000373661,0,0,0,0,0.147112922,0,0,0,0,0,0,0,0,0,0.003250614,0,0,0,0,0,0
TACGTAGGTGGCGAGCGTTATCCGGAATGATTGGGCGTAAAGGGTGCGCAGGCGGCATATCAAGTCTGAAGTGAA,0.018065162,0.038800148,0.06975646,0.033906883,0.020384238,0.032919602,0,0.037093139,0.007672232,0.047948453,0.022036179,0.026711329,0,0.024741714,0.03992808,0,0.039003828,0.074234118,0.055851661,0,0,0,0.085492656,0.06646253,0.02112232,0.009978015,0,0.01789556,0,0,0.01846071,0.036724474,0.003432583,0.011606363,0.026461158,0.040819892,0.027406364,0,0.025807784,0.018105673,0.022768768,0,0,0.020831153,0.02760276,0.000432893,0,0,0.008856194,0,0,0,0,0.00236612,0.009070553,0.001656282,0,0.00309562,0.060028905,0.001814647,0.008342208,0.010500761,0.011681002,0,0.010129983,0.027527993,0.04473228,0,0.025683513,0.010788283,0.030328559,0.05700964,0.007523322,0.005268231,0.11842787,0,0.006578687,0.007892477,0.045503944,0,0.031497805,0,0.018622948,0.014126501,0.02690583,0,0.005993346,0.008254206,0,0,0,0,0,0.018028503,0,0,0,0,0,0,0.070484959,0,0,0,0.000973496,0.000228191,0,0,0,0,0.038090196,0,0,0,0.002571049,0.000208851,0,0.000507535,0,0,0,0,0,0,0,0,0,0.004419282,0,0,0,0,0,0,0,0,0,0,0.05263654,0,0,0.05200699,0.047953152,0.000138746,0,0,0,0.027388125,0.023851867,0.002835663
